pagina,total_visitas
https://cloudlabslearning.com/elementary-school?%2Fregistration=,3071
https://cloudlabslearning.com/elementary-school,1032
https://cloudlabslearning.com/higher-education,747
https://cloudlabslearning.com/hybrid-laboratories,726
https://cloudlabslearning.com/high-school,696
https://cloudlabslearning.com/downloads,552
https://cloudlabslearning.com/middle-school,489
https://cloudlabslearning.com/about-cloudlabs,422
https://cloudlabslearning.com/register,294
https://cloudlabslearning.com/terms-conditions,249
https://cloudlabslearning.com/certification,161
https://cloudlabslearning.com/privacy-policies,160
https://cloudlabslearning.com/curriculum,156
https://cloudlabslearning.com/support,145
https://cloudlabs.media/,135
https://cloudlabslearning.com/blogs-and-news,129
https://cloudlabslearning.com/testimonials-and-experiences,123
https://cloudlabslearning.com/blogs-and-news/88?type=blog,113
https://cloudlabslearning.com/request-demo,107
https://landing.cloudlabs.media/,97
